"id","comment","label","language","aspect","source","duplicate_group"
"1","The manual text input works smoothly and makes the analysis feel reliable.","positive","english","manual text input","manual","unique-1"
"2","The CSV upload feels slow and needs clearer feedback.","negative","english","CSV upload","csv","unique-2"
"3","The column selection is available and performs the basic task.","neutral","english","column selection","review","unique-3"
"4","Free sentiment tool premium access for duplicate detection, click this link now.","spam","english","duplicate detection","chat","unique-4"
"5","sentiment model bahut smooth hai, analysis karna easy lagta hai.","positive","hinglish","sentiment model","survey","unique-5"
"6","spam detection thoda confusing hai, user ko clear guidance chahiye.","negative","hinglish","spam detection","test-case","unique-6"
"7","Hinglish handling normal kaam karta hai, kuch khas issue nahi mila.","neutral","hinglish","Hinglish handling","manual","unique-7"
"8","Hindi comments ke liye free paisa offer, abhi click karo.","spam","hinglish","Hindi comments","csv","unique-8"
"9","English comments बहुत अच्छा काम करता है और परिणाम साफ दिखते हैं।","positive","hindi","English comments","review","unique-9"
"10","results dashboard थोड़ा धीमा है और सुधार की जरूरत है।","negative","hindi","results dashboard","chat","unique-10"
"11","charts सामान्य तरीके से काम करता है।","neutral","hindi","charts","survey","unique-11"
"12","confidence scores के लिए मुफ्त इनाम पाने के लिए अभी लिंक खोलें।","spam","hindi","confidence scores","test-case","unique-12"
"13","I like how the word cloud is clear, fast, and easy to understand.","positive","english","word cloud","manual","unique-13"
"14","I found the comment filtering confusing during testing.","negative","english","comment filtering","csv","unique-14"
"15","I used the CSV export once and it worked in an ordinary way.","neutral","english","CSV export","review","unique-15"
"16","Win cash by reviewing backend API, claim your reward today.","spam","english","backend API","chat","unique-16"
"17","Mujhe loading progress ka flow kaafi clear aur useful laga.","positive","hinglish","loading progress","survey","unique-17"
"18","mobile layout slow lagta hai jab comments zyada hote hain.","negative","hinglish","mobile layout","test-case","unique-18"
"19","error messages theek hai, basic requirement complete ho jati hai.","neutral","hinglish","error messages","manual","unique-19"
"20","overall workflow review karo aur instant cash jeeto, link open karo.","spam","hinglish","overall workflow","csv","unique-20"
"21","manual text input उपयोग करने में आसान है और समय बचाता है।","positive","hindi","manual text input","review","unique-21"
"22","CSV upload इस्तेमाल करते समय उलझन होती है।","negative","hindi","CSV upload","chat","unique-22"
"23","column selection में जरूरी विकल्प उपलब्ध हैं।","neutral","hindi","column selection","survey","unique-23"
"24","duplicate detection पर कैश जीतें, तुरंत अपना नंबर भेजें।","spam","hindi","duplicate detection","test-case","unique-24"
"25","The sentiment model gives useful output and saves a lot of review time.","positive","english","sentiment model","manual","unique-25"
"26","The spam detection did not behave as expected with messy comments.","negative","english","spam detection","csv","unique-26"
"27","The Hinglish handling shows the expected information without any major issue.","neutral","english","Hinglish handling","review","unique-27"
"28","Limited offer for Hindi comments, send your number for instant bonus.","spam","english","Hindi comments","chat","unique-28"
"29","English comments mast kaam karta hai, time bhi save hota hai.","positive","hinglish","English comments","survey","unique-29"
"30","Mujhe results dashboard ka result reliable nahi laga.","negative","hinglish","results dashboard","test-case","unique-30"
"31","charts expected tarike se chal raha hai.","neutral","hinglish","charts","manual","unique-31"
"32","confidence scores bonus claim karne ke liye mobile number bhejo.","spam","hinglish","confidence scores","csv","unique-32"
"33","word cloud से विश्लेषण भरोसेमंद लगता है।","positive","hindi","word cloud","review","unique-33"
"34","comment filtering का परिणाम हमेशा भरोसेमंद नहीं लगता।","negative","hindi","comment filtering","chat","unique-34"
"35","CSV export ने अपेक्षित काम पूरा किया।","neutral","hindi","CSV export","survey","unique-35"
"36","backend API बोनस पाने के लिए ओटीपी शेयर करें।","spam","hindi","backend API","test-case","unique-36"
"37","Great job on the loading progress; it feels polished and practical.","positive","english","loading progress","manual","unique-37"
"38","The mobile layout needs improvement because the result is hard to trust.","negative","english","mobile layout","csv","unique-38"
"39","The error messages is functional, but nothing special stands out.","neutral","english","error messages","review","unique-39"
"40","Earn money daily using overall workflow, register now and get paid.","spam","english","overall workflow","chat","unique-40"
"41","manual text input se results samajhna simple ho gaya.","positive","hinglish","manual text input","survey","unique-41"
"42","CSV upload me error message clear nahi aata.","negative","hinglish","CSV upload","test-case","unique-42"
"43","column selection average hai, na bahut good na bad.","neutral","hinglish","column selection","manual","unique-43"
"44","duplicate detection se daily earning start karo, register now.","spam","hinglish","duplicate detection","csv","unique-44"
"45","sentiment model का इंटरफेस साफ और उपयोगी है।","positive","hindi","sentiment model","review","unique-45"
"46","spam detection में गलती आने पर संदेश साफ नहीं होता।","negative","hindi","spam detection","chat","unique-46"
"47","Hinglish handling ठीक है, कोई बड़ी समस्या नहीं दिखी।","neutral","hindi","Hinglish handling","survey","unique-47"
"48","Hindi comments से रोज कमाई करें, अभी रजिस्टर करें।","spam","hindi","Hindi comments","test-case","unique-48"
"49","The English comments is accurate enough for testing real customer feedback.","positive","english","English comments","manual","unique-49"
"50","CSV upload इस्तेमाल करते समय उलझन होती है।","negative","english","results dashboard","csv","unique-22"
"51","The charts completes the workflow as expected.","neutral","english","charts","review","unique-51"
"52","Cheap promotion for confidence scores, buy followers and boost reviews fast.","spam","english","confidence scores","chat","unique-52"
"53","Project ka word cloud kaafi professional feel deta hai.","positive","hinglish","word cloud","survey","unique-53"
"54","comment filtering use karte waqt flow break ho jata hai.","negative","hinglish","comment filtering","test-case","unique-54"
"55","CSV export ka output simple aur usable hai.","neutral","hinglish","CSV export","manual","unique-55"
"56","backend API ka secret hack chahiye to abhi message karo.","spam","hinglish","backend API","csv","unique-56"
"57","loading progress ने पूरे प्रोजेक्ट को बेहतर बना दिया है।","positive","hindi","loading progress","review","unique-57"
"58","mobile layout बड़े डेटा पर अच्छा अनुभव नहीं देता।","negative","hindi","mobile layout","chat","unique-58"
"59","error messages का अनुभव औसत रहा।","neutral","hindi","error messages","survey","unique-59"
"60","Limited offer for Hindi comments, send your number for instant bonus.","spam","hindi","overall workflow","test-case","unique-28"
"61","The manual text input helps me trust the sentiment results more.","positive","english","manual text input","manual","unique-61"
"62","I had trouble using the CSV upload on repeated test runs.","negative","english","CSV upload","csv","unique-62"
"63","The column selection provides standard behavior for a sentiment tool.","neutral","english","column selection","review","unique-63"
"64","Urgent verification for duplicate detection, click now before account closes.","spam","english","duplicate detection","chat","unique-64"
"65","sentiment model fast hai aur user ko confuse nahi karta.","positive","hinglish","sentiment model","survey","unique-65"
"66","spam detection mobile par properly comfortable nahi laga.","negative","hinglish","spam detection","test-case","unique-66"
"67","Hinglish handling project testing ke liye okay hai.","neutral","hinglish","Hinglish handling","manual","unique-67"
"68","Hindi comments free upgrade ke liye OTP share karo.","spam","hinglish","Hindi comments","csv","unique-68"
"69","English comments तेज है और सही जानकारी देता है।","positive","hindi","English comments","review","unique-69"
"70","Mujhe results dashboard ka result reliable nahi laga.","negative","hindi","results dashboard","chat","unique-30"
"71","charts परीक्षण के लिए उपयोगी है।","neutral","hindi","charts","survey","unique-71"
"72","confidence scores फ्री अपग्रेड पाने के लिए खाता सत्यापित करें।","spam","hindi","confidence scores","test-case","unique-72"
"73","I had a very good experience using the word cloud.","positive","english","word cloud","manual","unique-73"
"74","The comment filtering should show better errors when something fails.","negative","english","comment filtering","csv","unique-74"
"75","The CSV export is acceptable for normal project testing.","neutral","english","CSV export","review","unique-75"
"76","Guaranteed profit with backend API, message us for secret method.","spam","english","backend API","chat","unique-76"
"77","loading progress ka output mostly accurate aur helpful hai.","positive","hinglish","loading progress","survey","unique-77"
"78","mobile layout ko aur testing ki zarurat hai.","negative","hinglish","mobile layout","test-case","unique-78"
"79","error messages me basic options available hain.","neutral","hinglish","error messages","manual","unique-79"
"80","backend API बोनस पाने के लिए ओटीपी शेयर करें।","spam","hinglish","overall workflow","csv","unique-36"
"81","manual text input की वजह से फीडबैक समझना आसान हुआ।","positive","hindi","manual text input","review","unique-81"
"82","CSV upload को और बेहतर परीक्षण चाहिए।","negative","hindi","CSV upload","chat","unique-82"
"83","column selection में बुनियादी जानकारी मिल जाती है।","neutral","hindi","column selection","survey","unique-83"
"84","duplicate detection पर गारंटीड पैसा, मौका सीमित है।","spam","hindi","duplicate detection","test-case","unique-84"
"85","The sentiment model is simple for beginners and still useful for advanced users.","positive","english","sentiment model","manual","unique-85"
"86","The spam detection feels unfinished compared with the rest of the app.","negative","english","spam detection","csv","unique-86"
"87","The Hinglish handling has the required options and basic output.","neutral","english","Hinglish handling","review","unique-87"
"88","Get free gift card for Hindi comments, share OTP to confirm prize.","spam","english","Hindi comments","chat","unique-88"
"89","English comments beginner ke liye bhi easy hai.","positive","hinglish","English comments","survey","unique-89"
"90","The mobile layout needs improvement because the result is hard to trust.","negative","hinglish","results dashboard","test-case","unique-38"
"91","charts ka experience neutral laga.","neutral","hinglish","charts","manual","unique-91"
"92","confidence scores gift voucher winner, details send karo now.","spam","hinglish","confidence scores","csv","unique-92"
"93","word cloud नए यूजर के लिए भी सरल है।","positive","hindi","word cloud","review","unique-93"
"94","comment filtering बाकी हिस्सों जितना मजबूत नहीं लगता।","negative","hindi","comment filtering","chat","unique-94"
"95","CSV export न बहुत अच्छा है न बहुत खराब।","neutral","hindi","CSV export","survey","unique-95"
"96","backend API गिफ्ट कार्ड जीतने के लिए विवरण भेजें।","spam","hindi","backend API","test-case","unique-96"
"97","The loading progress works smoothly and makes the analysis feel reliable.","positive","english","loading progress","manual","unique-97"
"98","The mobile layout feels slow and needs clearer feedback.","negative","english","mobile layout","csv","unique-98"
"99","The error messages is available and performs the basic task.","neutral","english","error messages","review","unique-99"
"100","duplicate detection se daily earning start karo, register now.","spam","english","overall workflow","chat","unique-44"
"101","manual text input bahut smooth hai, analysis karna easy lagta hai.","positive","hinglish","manual text input","survey","unique-101"
"102","CSV upload thoda confusing hai, user ko clear guidance chahiye.","negative","hinglish","CSV upload","test-case","unique-102"
"103","column selection normal kaam karta hai, kuch khas issue nahi mila.","neutral","hinglish","column selection","manual","unique-103"
"104","duplicate detection ke liye free paisa offer, abhi click karo.","spam","hinglish","duplicate detection","csv","unique-104"
"105","sentiment model बहुत अच्छा काम करता है और परिणाम साफ दिखते हैं।","positive","hindi","sentiment model","review","unique-105"
"106","spam detection थोड़ा धीमा है और सुधार की जरूरत है।","negative","hindi","spam detection","chat","unique-106"
"107","Hinglish handling सामान्य तरीके से काम करता है।","neutral","hindi","Hinglish handling","survey","unique-107"
"108","Hindi comments के लिए मुफ्त इनाम पाने के लिए अभी लिंक खोलें।","spam","hindi","Hindi comments","test-case","unique-108"
"109","I like how the English comments is clear, fast, and easy to understand.","positive","english","English comments","manual","unique-109"
"110","spam detection में गलती आने पर संदेश साफ नहीं होता।","negative","english","results dashboard","csv","unique-46"
"111","I used the charts once and it worked in an ordinary way.","neutral","english","charts","review","unique-111"
"112","Win cash by reviewing confidence scores, claim your reward today.","spam","english","confidence scores","chat","unique-112"
"113","Mujhe word cloud ka flow kaafi clear aur useful laga.","positive","hinglish","word cloud","survey","unique-113"
"114","comment filtering slow lagta hai jab comments zyada hote hain.","negative","hinglish","comment filtering","test-case","unique-114"
"115","CSV export theek hai, basic requirement complete ho jati hai.","neutral","hinglish","CSV export","manual","unique-115"
"116","backend API review karo aur instant cash jeeto, link open karo.","spam","hinglish","backend API","csv","unique-116"
"117","loading progress उपयोग करने में आसान है और समय बचाता है।","positive","hindi","loading progress","review","unique-117"
"118","mobile layout इस्तेमाल करते समय उलझन होती है।","negative","hindi","mobile layout","chat","unique-118"
"119","error messages में जरूरी विकल्प उपलब्ध हैं।","neutral","hindi","error messages","survey","unique-119"
"120","Cheap promotion for confidence scores, buy followers and boost reviews fast.","spam","hindi","overall workflow","test-case","unique-52"
"121","The manual text input gives useful output and saves a lot of review time.","positive","english","manual text input","manual","unique-121"
"122","The CSV upload did not behave as expected with messy comments.","negative","english","CSV upload","csv","unique-122"
"123","The column selection shows the expected information without any major issue.","neutral","english","column selection","review","unique-123"
"124","Limited offer for duplicate detection, send your number for instant bonus.","spam","english","duplicate detection","chat","unique-124"
"125","sentiment model mast kaam karta hai, time bhi save hota hai.","positive","hinglish","sentiment model","survey","unique-125"
"126","Mujhe spam detection ka result reliable nahi laga.","negative","hinglish","spam detection","test-case","unique-126"
"127","Hinglish handling expected tarike se chal raha hai.","neutral","hinglish","Hinglish handling","manual","unique-127"
"128","Hindi comments bonus claim karne ke liye mobile number bhejo.","spam","hinglish","Hindi comments","csv","unique-128"
"129","English comments से विश्लेषण भरोसेमंद लगता है।","positive","hindi","English comments","review","unique-129"
"130","mobile layout बड़े डेटा पर अच्छा अनुभव नहीं देता।","negative","hindi","results dashboard","chat","unique-58"
"131","charts ने अपेक्षित काम पूरा किया।","neutral","hindi","charts","survey","unique-131"
"132","confidence scores बोनस पाने के लिए ओटीपी शेयर करें।","spam","hindi","confidence scores","test-case","unique-132"
"133","Great job on the word cloud; it feels polished and practical.","positive","english","word cloud","manual","unique-133"
"134","The comment filtering needs improvement because the result is hard to trust.","negative","english","comment filtering","csv","unique-134"
"135","The CSV export is functional, but nothing special stands out.","neutral","english","CSV export","review","unique-135"
"136","Earn money daily using backend API, register now and get paid.","spam","english","backend API","chat","unique-136"
"137","loading progress se results samajhna simple ho gaya.","positive","hinglish","loading progress","survey","unique-137"
"138","mobile layout me error message clear nahi aata.","negative","hinglish","mobile layout","test-case","unique-138"
"139","error messages average hai, na bahut good na bad.","neutral","hinglish","error messages","manual","unique-139"
"140","Urgent verification for duplicate detection, click now before account closes.","spam","hinglish","overall workflow","csv","unique-64"
"141","manual text input का इंटरफेस साफ और उपयोगी है।","positive","hindi","manual text input","review","unique-141"
"142","CSV upload में गलती आने पर संदेश साफ नहीं होता।","negative","hindi","CSV upload","chat","unique-142"
"143","column selection ठीक है, कोई बड़ी समस्या नहीं दिखी।","neutral","hindi","column selection","survey","unique-143"
"144","duplicate detection से रोज कमाई करें, अभी रजिस्टर करें।","spam","hindi","duplicate detection","test-case","unique-144"
"145","The sentiment model is accurate enough for testing real customer feedback.","positive","english","sentiment model","manual","unique-145"
"146","The spam detection sometimes makes the workflow frustrating.","negative","english","spam detection","csv","unique-146"
"147","The Hinglish handling completes the workflow as expected.","neutral","english","Hinglish handling","review","unique-147"
"148","Cheap promotion for Hindi comments, buy followers and boost reviews fast.","spam","english","Hindi comments","chat","unique-148"
"149","Project ka English comments kaafi professional feel deta hai.","positive","hinglish","English comments","survey","unique-149"
"150","spam detection mobile par properly comfortable nahi laga.","negative","hinglish","results dashboard","test-case","unique-66"
"151","charts ka output simple aur usable hai.","neutral","hinglish","charts","manual","unique-151"
"152","confidence scores ka secret hack chahiye to abhi message karo.","spam","hinglish","confidence scores","csv","unique-152"
"153","word cloud ने पूरे प्रोजेक्ट को बेहतर बना दिया है।","positive","hindi","word cloud","review","unique-153"
"154","comment filtering बड़े डेटा पर अच्छा अनुभव नहीं देता।","negative","hindi","comment filtering","chat","unique-154"
"155","CSV export का अनुभव औसत रहा।","neutral","hindi","CSV export","survey","unique-155"
"156","backend API का गुप्त तरीका चाहिए तो तुरंत संदेश भेजें।","spam","hindi","backend API","test-case","unique-156"
"157","The loading progress helps me trust the sentiment results more.","positive","english","loading progress","manual","unique-157"
"158","I had trouble using the mobile layout on repeated test runs.","negative","english","mobile layout","csv","unique-158"
"159","The error messages provides standard behavior for a sentiment tool.","neutral","english","error messages","review","unique-159"
"160","confidence scores फ्री अपग्रेड पाने के लिए खाता सत्यापित करें।","spam","english","overall workflow","chat","unique-72"
"161","manual text input fast hai aur user ko confuse nahi karta.","positive","hinglish","manual text input","survey","unique-161"
"162","CSV upload mobile par properly comfortable nahi laga.","negative","hinglish","CSV upload","test-case","unique-162"
"163","column selection project testing ke liye okay hai.","neutral","hinglish","column selection","manual","unique-163"
"164","duplicate detection free upgrade ke liye OTP share karo.","spam","hinglish","duplicate detection","csv","unique-164"
"165","sentiment model तेज है और सही जानकारी देता है।","positive","hindi","sentiment model","review","unique-165"
"166","spam detection की वजह से काम बीच में रुकता हुआ लगता है।","negative","hindi","spam detection","chat","unique-166"
"167","Hinglish handling परीक्षण के लिए उपयोगी है।","neutral","hindi","Hinglish handling","survey","unique-167"
"168","Hindi comments फ्री अपग्रेड पाने के लिए खाता सत्यापित करें।","spam","hindi","Hindi comments","test-case","unique-168"
"169","I had a very good experience using the English comments.","positive","english","English comments","manual","unique-169"
"170","mobile layout ko aur testing ki zarurat hai.","negative","english","results dashboard","csv","unique-78"
"171","The charts is acceptable for normal project testing.","neutral","english","charts","review","unique-171"
"172","Guaranteed profit with confidence scores, message us for secret method.","spam","english","confidence scores","chat","unique-172"
"173","word cloud ka output mostly accurate aur helpful hai.","positive","hinglish","word cloud","survey","unique-173"
"174","comment filtering ko aur testing ki zarurat hai.","negative","hinglish","comment filtering","test-case","unique-174"
"175","CSV export me basic options available hain.","neutral","hinglish","CSV export","manual","unique-175"
"176","backend API par guaranteed income, limited seats jaldi join karo.","spam","hinglish","backend API","csv","unique-176"
"177","loading progress की वजह से फीडबैक समझना आसान हुआ।","positive","hindi","loading progress","review","unique-177"
"178","mobile layout को और बेहतर परीक्षण चाहिए।","negative","hindi","mobile layout","chat","unique-178"
"179","error messages में बुनियादी जानकारी मिल जाती है।","neutral","hindi","error messages","survey","unique-179"
"180","duplicate detection पर गारंटीड पैसा, मौका सीमित है।","spam","hindi","overall workflow","test-case","unique-84"
"181","The manual text input is simple for beginners and still useful for advanced users.","positive","english","manual text input","manual","unique-181"
"182","The CSV upload feels unfinished compared with the rest of the app.","negative","english","CSV upload","csv","unique-182"
"183","The column selection has the required options and basic output.","neutral","english","column selection","review","unique-183"
"184","Get free gift card for duplicate detection, share OTP to confirm prize.","spam","english","duplicate detection","chat","unique-184"
"185","sentiment model beginner ke liye bhi easy hai.","positive","hinglish","sentiment model","survey","unique-185"
"186","spam detection ka response kabhi kabhi inconsistent lagta hai.","negative","hinglish","spam detection","test-case","unique-186"
"187","Hinglish handling ka experience neutral laga.","neutral","hinglish","Hinglish handling","manual","unique-187"
"188","Hindi comments gift voucher winner, details send karo now.","spam","hinglish","Hindi comments","csv","unique-188"
"189","English comments नए यूजर के लिए भी सरल है।","positive","hindi","English comments","review","unique-189"
"190","The spam detection feels unfinished compared with the rest of the app.","negative","hindi","results dashboard","chat","unique-86"
"191","charts न बहुत अच्छा है न बहुत खराब।","neutral","hindi","charts","survey","unique-191"
"192","confidence scores गिफ्ट कार्ड जीतने के लिए विवरण भेजें।","spam","hindi","confidence scores","test-case","unique-192"
"193","The word cloud works smoothly and makes the analysis feel reliable.","positive","english","word cloud","manual","unique-193"
"194","The comment filtering feels slow and needs clearer feedback.","negative","english","comment filtering","csv","unique-194"
"195","The CSV export is available and performs the basic task.","neutral","english","CSV export","review","unique-195"
"196","Free sentiment tool premium access for backend API, click this link now.","spam","english","backend API","chat","unique-196"
"197","loading progress bahut smooth hai, analysis karna easy lagta hai.","positive","hinglish","loading progress","survey","unique-197"
"198","mobile layout thoda confusing hai, user ko clear guidance chahiye.","negative","hinglish","mobile layout","test-case","unique-198"
"199","error messages normal kaam karta hai, kuch khas issue nahi mila.","neutral","hinglish","error messages","manual","unique-199"
"200","confidence scores gift voucher winner, details send karo now.","spam","hinglish","overall workflow","csv","unique-92"
"201","manual text input बहुत अच्छा काम करता है और परिणाम साफ दिखते हैं।","positive","hindi","manual text input","review","unique-201"
"202","CSV upload थोड़ा धीमा है और सुधार की जरूरत है।","negative","hindi","CSV upload","chat","unique-202"
"203","column selection सामान्य तरीके से काम करता है।","neutral","hindi","column selection","survey","unique-203"
"204","duplicate detection के लिए मुफ्त इनाम पाने के लिए अभी लिंक खोलें।","spam","hindi","duplicate detection","test-case","unique-204"
"205","I like how the sentiment model is clear, fast, and easy to understand.","positive","english","sentiment model","manual","unique-205"
"206","I found the spam detection confusing during testing.","negative","english","spam detection","csv","unique-206"
"207","I used the Hinglish handling once and it worked in an ordinary way.","neutral","english","Hinglish handling","review","unique-207"
"208","Win cash by reviewing Hindi comments, claim your reward today.","spam","english","Hindi comments","chat","unique-208"
"209","Mujhe English comments ka flow kaafi clear aur useful laga.","positive","hinglish","English comments","survey","unique-209"
"210","The mobile layout feels slow and needs clearer feedback.","negative","hinglish","results dashboard","test-case","unique-98"
"211","charts theek hai, basic requirement complete ho jati hai.","neutral","hinglish","charts","manual","unique-211"
"212","confidence scores review karo aur instant cash jeeto, link open karo.","spam","hinglish","confidence scores","csv","unique-212"
"213","word cloud उपयोग करने में आसान है और समय बचाता है।","positive","hindi","word cloud","review","unique-213"
"214","comment filtering इस्तेमाल करते समय उलझन होती है।","negative","hindi","comment filtering","chat","unique-214"
"215","CSV export में जरूरी विकल्प उपलब्ध हैं।","neutral","hindi","CSV export","survey","unique-215"
"216","backend API पर कैश जीतें, तुरंत अपना नंबर भेजें।","spam","hindi","backend API","test-case","unique-216"
"217","The loading progress gives useful output and saves a lot of review time.","positive","english","loading progress","manual","unique-217"
"218","The mobile layout did not behave as expected with messy comments.","negative","english","mobile layout","csv","unique-218"
"219","The error messages shows the expected information without any major issue.","neutral","english","error messages","review","unique-219"
"220","duplicate detection ke liye free paisa offer, abhi click karo.","spam","english","overall workflow","chat","unique-104"
"221","manual text input mast kaam karta hai, time bhi save hota hai.","positive","hinglish","manual text input","survey","unique-221"
"222","Mujhe CSV upload ka result reliable nahi laga.","negative","hinglish","CSV upload","test-case","unique-222"
"223","column selection expected tarike se chal raha hai.","neutral","hinglish","column selection","manual","unique-223"
"224","duplicate detection bonus claim karne ke liye mobile number bhejo.","spam","hinglish","duplicate detection","csv","unique-224"
"225","sentiment model से विश्लेषण भरोसेमंद लगता है।","positive","hindi","sentiment model","review","unique-225"
"226","spam detection का परिणाम हमेशा भरोसेमंद नहीं लगता।","negative","hindi","spam detection","chat","unique-226"
"227","Hinglish handling ने अपेक्षित काम पूरा किया।","neutral","hindi","Hinglish handling","survey","unique-227"
"228","Hindi comments बोनस पाने के लिए ओटीपी शेयर करें।","spam","hindi","Hindi comments","test-case","unique-228"
"229","Great job on the English comments; it feels polished and practical.","positive","english","English comments","manual","unique-229"
"230","spam detection थोड़ा धीमा है और सुधार की जरूरत है।","negative","english","results dashboard","csv","unique-106"
"231","The charts is functional, but nothing special stands out.","neutral","english","charts","review","unique-231"
"232","Earn money daily using confidence scores, register now and get paid.","spam","english","confidence scores","chat","unique-232"
"233","word cloud se results samajhna simple ho gaya.","positive","hinglish","word cloud","survey","unique-233"
"234","comment filtering me error message clear nahi aata.","negative","hinglish","comment filtering","test-case","unique-234"
"235","CSV export average hai, na bahut good na bad.","neutral","hinglish","CSV export","manual","unique-235"
"236","backend API se daily earning start karo, register now.","spam","hinglish","backend API","csv","unique-236"
"237","loading progress का इंटरफेस साफ और उपयोगी है।","positive","hindi","loading progress","review","unique-237"
"238","mobile layout में गलती आने पर संदेश साफ नहीं होता।","negative","hindi","mobile layout","chat","unique-238"
"239","error messages ठीक है, कोई बड़ी समस्या नहीं दिखी।","neutral","hindi","error messages","survey","unique-239"
"240","Win cash by reviewing confidence scores, claim your reward today.","spam","hindi","overall workflow","test-case","unique-112"
"241","The manual text input is accurate enough for testing real customer feedback.","positive","english","manual text input","manual","unique-241"
"242","The CSV upload sometimes makes the workflow frustrating.","negative","english","CSV upload","csv","unique-242"
"243","The column selection completes the workflow as expected.","neutral","english","column selection","review","unique-243"
"244","Cheap promotion for duplicate detection, buy followers and boost reviews fast.","spam","english","duplicate detection","chat","unique-244"
"245","Project ka sentiment model kaafi professional feel deta hai.","positive","hinglish","sentiment model","survey","unique-245"
"246","spam detection use karte waqt flow break ho jata hai.","negative","hinglish","spam detection","test-case","unique-246"
"247","Hinglish handling ka output simple aur usable hai.","neutral","hinglish","Hinglish handling","manual","unique-247"
"248","Hindi comments ka secret hack chahiye to abhi message karo.","spam","hinglish","Hindi comments","csv","unique-248"
"249","English comments ने पूरे प्रोजेक्ट को बेहतर बना दिया है।","positive","hindi","English comments","review","unique-249"
"250","mobile layout इस्तेमाल करते समय उलझन होती है।","negative","hindi","results dashboard","chat","unique-118"
"251","charts का अनुभव औसत रहा।","neutral","hindi","charts","survey","unique-251"
"252","confidence scores का गुप्त तरीका चाहिए तो तुरंत संदेश भेजें।","spam","hindi","confidence scores","test-case","unique-252"
"253","The word cloud helps me trust the sentiment results more.","positive","english","word cloud","manual","unique-253"
"254","I had trouble using the comment filtering on repeated test runs.","negative","english","comment filtering","csv","unique-254"
"255","The CSV export provides standard behavior for a sentiment tool.","neutral","english","CSV export","review","unique-255"
"256","Urgent verification for backend API, click now before account closes.","spam","english","backend API","chat","unique-256"
"257","loading progress fast hai aur user ko confuse nahi karta.","positive","hinglish","loading progress","survey","unique-257"
"258","mobile layout mobile par properly comfortable nahi laga.","negative","hinglish","mobile layout","test-case","unique-258"
"259","error messages project testing ke liye okay hai.","neutral","hinglish","error messages","manual","unique-259"
"260","Limited offer for duplicate detection, send your number for instant bonus.","spam","hinglish","overall workflow","csv","unique-124"
"261","manual text input तेज है और सही जानकारी देता है।","positive","hindi","manual text input","review","unique-261"
"262","CSV upload की वजह से काम बीच में रुकता हुआ लगता है।","negative","hindi","CSV upload","chat","unique-262"
"263","column selection परीक्षण के लिए उपयोगी है।","neutral","hindi","column selection","survey","unique-263"
"264","duplicate detection फ्री अपग्रेड पाने के लिए खाता सत्यापित करें।","spam","hindi","duplicate detection","test-case","unique-264"
"265","I had a very good experience using the sentiment model.","positive","english","sentiment model","manual","unique-265"
"266","The spam detection should show better errors when something fails.","negative","english","spam detection","csv","unique-266"
"267","The Hinglish handling is acceptable for normal project testing.","neutral","english","Hinglish handling","review","unique-267"
"268","Guaranteed profit with Hindi comments, message us for secret method.","spam","english","Hindi comments","chat","unique-268"
"269","English comments ka output mostly accurate aur helpful hai.","positive","hinglish","English comments","survey","unique-269"
"270","Mujhe spam detection ka result reliable nahi laga.","negative","hinglish","results dashboard","test-case","unique-126"
"271","charts me basic options available hain.","neutral","hinglish","charts","manual","unique-271"
"272","confidence scores par guaranteed income, limited seats jaldi join karo.","spam","hinglish","confidence scores","csv","unique-272"
"273","word cloud की वजह से फीडबैक समझना आसान हुआ।","positive","hindi","word cloud","review","unique-273"
"274","comment filtering को और बेहतर परीक्षण चाहिए।","negative","hindi","comment filtering","chat","unique-274"
"275","CSV export में बुनियादी जानकारी मिल जाती है।","neutral","hindi","CSV export","survey","unique-275"
"276","backend API पर गारंटीड पैसा, मौका सीमित है।","spam","hindi","backend API","test-case","unique-276"
"277","The loading progress is simple for beginners and still useful for advanced users.","positive","english","loading progress","manual","unique-277"
"278","The mobile layout feels unfinished compared with the rest of the app.","negative","english","mobile layout","csv","unique-278"
"279","The error messages has the required options and basic output.","neutral","english","error messages","review","unique-279"
"280","confidence scores बोनस पाने के लिए ओटीपी शेयर करें।","spam","english","overall workflow","chat","unique-132"
"281","manual text input beginner ke liye bhi easy hai.","positive","hinglish","manual text input","survey","unique-281"
"282","CSV upload ka response kabhi kabhi inconsistent lagta hai.","negative","hinglish","CSV upload","test-case","unique-282"
"283","column selection ka experience neutral laga.","neutral","hinglish","column selection","manual","unique-283"
"284","duplicate detection gift voucher winner, details send karo now.","spam","hinglish","duplicate detection","csv","unique-284"
"285","sentiment model नए यूजर के लिए भी सरल है।","positive","hindi","sentiment model","review","unique-285"
"286","spam detection बाकी हिस्सों जितना मजबूत नहीं लगता।","negative","hindi","spam detection","chat","unique-286"
"287","Hinglish handling न बहुत अच्छा है न बहुत खराब।","neutral","hindi","Hinglish handling","survey","unique-287"
"288","Hindi comments गिफ्ट कार्ड जीतने के लिए विवरण भेजें।","spam","hindi","Hindi comments","test-case","unique-288"
"289","The English comments works smoothly and makes the analysis feel reliable.","positive","english","English comments","manual","unique-289"
"290","mobile layout me error message clear nahi aata.","negative","english","results dashboard","csv","unique-138"
"291","The charts is available and performs the basic task.","neutral","english","charts","review","unique-291"
"292","Free sentiment tool premium access for confidence scores, click this link now.","spam","english","confidence scores","chat","unique-292"
"293","word cloud bahut smooth hai, analysis karna easy lagta hai.","positive","hinglish","word cloud","survey","unique-293"
"294","comment filtering thoda confusing hai, user ko clear guidance chahiye.","negative","hinglish","comment filtering","test-case","unique-294"
"295","CSV export normal kaam karta hai, kuch khas issue nahi mila.","neutral","hinglish","CSV export","manual","unique-295"
"296","backend API ke liye free paisa offer, abhi click karo.","spam","hinglish","backend API","csv","unique-296"
"297","loading progress बहुत अच्छा काम करता है और परिणाम साफ दिखते हैं।","positive","hindi","loading progress","review","unique-297"
"298","mobile layout थोड़ा धीमा है और सुधार की जरूरत है।","negative","hindi","mobile layout","chat","unique-298"
"299","error messages सामान्य तरीके से काम करता है।","neutral","hindi","error messages","survey","unique-299"
"300","duplicate detection से रोज कमाई करें, अभी रजिस्टर करें।","spam","hindi","overall workflow","test-case","unique-144"
"301","I like how the manual text input is clear, fast, and easy to understand.","positive","english","manual text input","manual","unique-301"
"302","I found the CSV upload confusing during testing.","negative","english","CSV upload","csv","unique-302"
"303","I used the column selection once and it worked in an ordinary way.","neutral","english","column selection","review","unique-303"
"304","Win cash by reviewing duplicate detection, claim your reward today.","spam","english","duplicate detection","chat","unique-304"
"305","Mujhe sentiment model ka flow kaafi clear aur useful laga.","positive","hinglish","sentiment model","survey","unique-305"
"306","spam detection slow lagta hai jab comments zyada hote hain.","negative","hinglish","spam detection","test-case","unique-306"
"307","Hinglish handling theek hai, basic requirement complete ho jati hai.","neutral","hinglish","Hinglish handling","manual","unique-307"
"308","Hindi comments review karo aur instant cash jeeto, link open karo.","spam","hinglish","Hindi comments","csv","unique-308"
"309","English comments उपयोग करने में आसान है और समय बचाता है।","positive","hindi","English comments","review","unique-309"
"310","The spam detection sometimes makes the workflow frustrating.","negative","hindi","results dashboard","chat","unique-146"
"311","charts में जरूरी विकल्प उपलब्ध हैं।","neutral","hindi","charts","survey","unique-311"
"312","confidence scores पर कैश जीतें, तुरंत अपना नंबर भेजें।","spam","hindi","confidence scores","test-case","unique-312"
"313","The word cloud gives useful output and saves a lot of review time.","positive","english","word cloud","manual","unique-313"
"314","The comment filtering did not behave as expected with messy comments.","negative","english","comment filtering","csv","unique-314"
"315","The CSV export shows the expected information without any major issue.","neutral","english","CSV export","review","unique-315"
"316","Limited offer for backend API, send your number for instant bonus.","spam","english","backend API","chat","unique-316"
"317","loading progress mast kaam karta hai, time bhi save hota hai.","positive","hinglish","loading progress","survey","unique-317"
"318","Mujhe mobile layout ka result reliable nahi laga.","negative","hinglish","mobile layout","test-case","unique-318"
"319","error messages expected tarike se chal raha hai.","neutral","hinglish","error messages","manual","unique-319"
"320","confidence scores ka secret hack chahiye to abhi message karo.","spam","hinglish","overall workflow","csv","unique-152"
"321","manual text input से विश्लेषण भरोसेमंद लगता है।","positive","hindi","manual text input","review","unique-321"
"322","CSV upload का परिणाम हमेशा भरोसेमंद नहीं लगता।","negative","hindi","CSV upload","chat","unique-322"
"323","column selection ने अपेक्षित काम पूरा किया।","neutral","hindi","column selection","survey","unique-323"
"324","duplicate detection बोनस पाने के लिए ओटीपी शेयर करें।","spam","hindi","duplicate detection","test-case","unique-324"
"325","Great job on the sentiment model; it feels polished and practical.","positive","english","sentiment model","manual","unique-325"
"326","The spam detection needs improvement because the result is hard to trust.","negative","english","spam detection","csv","unique-326"
"327","The Hinglish handling is functional, but nothing special stands out.","neutral","english","Hinglish handling","review","unique-327"
"328","Earn money daily using Hindi comments, register now and get paid.","spam","english","Hindi comments","chat","unique-328"
"329","English comments se results samajhna simple ho gaya.","positive","hinglish","English comments","survey","unique-329"
"330","I had trouble using the mobile layout on repeated test runs.","negative","hinglish","results dashboard","test-case","unique-158"
"331","charts average hai, na bahut good na bad.","neutral","hinglish","charts","manual","unique-331"
"332","confidence scores se daily earning start karo, register now.","spam","hinglish","confidence scores","csv","unique-332"
"333","word cloud का इंटरफेस साफ और उपयोगी है।","positive","hindi","word cloud","review","unique-333"
"334","comment filtering में गलती आने पर संदेश साफ नहीं होता।","negative","hindi","comment filtering","chat","unique-334"
"335","CSV export ठीक है, कोई बड़ी समस्या नहीं दिखी।","neutral","hindi","CSV export","survey","unique-335"
"336","backend API से रोज कमाई करें, अभी रजिस्टर करें।","spam","hindi","backend API","test-case","unique-336"
"337","The loading progress is accurate enough for testing real customer feedback.","positive","english","loading progress","manual","unique-337"
"338","The mobile layout sometimes makes the workflow frustrating.","negative","english","mobile layout","csv","unique-338"
"339","The error messages completes the workflow as expected.","neutral","english","error messages","review","unique-339"
"340","duplicate detection free upgrade ke liye OTP share karo.","spam","english","overall workflow","chat","unique-164"
"341","Project ka manual text input kaafi professional feel deta hai.","positive","hinglish","manual text input","survey","unique-341"
"342","CSV upload use karte waqt flow break ho jata hai.","negative","hinglish","CSV upload","test-case","unique-342"
"343","column selection ka output simple aur usable hai.","neutral","hinglish","column selection","manual","unique-343"
"344","duplicate detection ka secret hack chahiye to abhi message karo.","spam","hinglish","duplicate detection","csv","unique-344"
"345","sentiment model ने पूरे प्रोजेक्ट को बेहतर बना दिया है।","positive","hindi","sentiment model","review","unique-345"
"346","spam detection बड़े डेटा पर अच्छा अनुभव नहीं देता।","negative","hindi","spam detection","chat","unique-346"
"347","Hinglish handling का अनुभव औसत रहा।","neutral","hindi","Hinglish handling","survey","unique-347"
"348","Hindi comments का गुप्त तरीका चाहिए तो तुरंत संदेश भेजें।","spam","hindi","Hindi comments","test-case","unique-348"
"349","The English comments helps me trust the sentiment results more.","positive","english","English comments","manual","unique-349"
"350","spam detection की वजह से काम बीच में रुकता हुआ लगता है।","negative","english","results dashboard","csv","unique-166"
"351","The charts provides standard behavior for a sentiment tool.","neutral","english","charts","review","unique-351"
"352","Urgent verification for confidence scores, click now before account closes.","spam","english","confidence scores","chat","unique-352"
"353","word cloud fast hai aur user ko confuse nahi karta.","positive","hinglish","word cloud","survey","unique-353"
"354","comment filtering mobile par properly comfortable nahi laga.","negative","hinglish","comment filtering","test-case","unique-354"
"355","CSV export project testing ke liye okay hai.","neutral","hinglish","CSV export","manual","unique-355"
"356","backend API free upgrade ke liye OTP share karo.","spam","hinglish","backend API","csv","unique-356"
"357","loading progress तेज है और सही जानकारी देता है।","positive","hindi","loading progress","review","unique-357"
"358","mobile layout की वजह से काम बीच में रुकता हुआ लगता है।","negative","hindi","mobile layout","chat","unique-358"
"359","error messages परीक्षण के लिए उपयोगी है।","neutral","hindi","error messages","survey","unique-359"
"360","Guaranteed profit with confidence scores, message us for secret method.","spam","hindi","overall workflow","test-case","unique-172"
"361","I had a very good experience using the manual text input.","positive","english","manual text input","manual","unique-361"
"362","The CSV upload should show better errors when something fails.","negative","english","CSV upload","csv","unique-362"
"363","The column selection is acceptable for normal project testing.","neutral","english","column selection","review","unique-363"
"364","Guaranteed profit with duplicate detection, message us for secret method.","spam","english","duplicate detection","chat","unique-364"
"365","sentiment model ka output mostly accurate aur helpful hai.","positive","hinglish","sentiment model","survey","unique-365"
"366","spam detection ko aur testing ki zarurat hai.","negative","hinglish","spam detection","test-case","unique-366"
"367","Hinglish handling me basic options available hain.","neutral","hinglish","Hinglish handling","manual","unique-367"
"368","Hindi comments par guaranteed income, limited seats jaldi join karo.","spam","hinglish","Hindi comments","csv","unique-368"
"369","English comments की वजह से फीडबैक समझना आसान हुआ।","positive","hindi","English comments","review","unique-369"
"370","mobile layout को और बेहतर परीक्षण चाहिए।","negative","hindi","results dashboard","chat","unique-178"
"371","charts में बुनियादी जानकारी मिल जाती है।","neutral","hindi","charts","survey","unique-371"
"372","confidence scores पर गारंटीड पैसा, मौका सीमित है।","spam","hindi","confidence scores","test-case","unique-372"
"373","The word cloud is simple for beginners and still useful for advanced users.","positive","english","word cloud","manual","unique-373"
"374","The comment filtering feels unfinished compared with the rest of the app.","negative","english","comment filtering","csv","unique-374"
"375","The CSV export has the required options and basic output.","neutral","english","CSV export","review","unique-375"
"376","Get free gift card for backend API, share OTP to confirm prize.","spam","english","backend API","chat","unique-376"
"377","loading progress beginner ke liye bhi easy hai.","positive","hinglish","loading progress","survey","unique-377"
"378","mobile layout ka response kabhi kabhi inconsistent lagta hai.","negative","hinglish","mobile layout","test-case","unique-378"
"379","error messages ka experience neutral laga.","neutral","hinglish","error messages","manual","unique-379"
"380","Get free gift card for duplicate detection, share OTP to confirm prize.","spam","hinglish","overall workflow","csv","unique-184"
"381","manual text input नए यूजर के लिए भी सरल है।","positive","hindi","manual text input","review","unique-381"
"382","CSV upload बाकी हिस्सों जितना मजबूत नहीं लगता।","negative","hindi","CSV upload","chat","unique-382"
"383","column selection न बहुत अच्छा है न बहुत खराब।","neutral","hindi","column selection","survey","unique-383"
"384","duplicate detection गिफ्ट कार्ड जीतने के लिए विवरण भेजें।","spam","hindi","duplicate detection","test-case","unique-384"
"385","The sentiment model works smoothly and makes the analysis feel reliable.","positive","english","sentiment model","manual","unique-385"
"386","The spam detection feels slow and needs clearer feedback.","negative","english","spam detection","csv","unique-386"
"387","The Hinglish handling is available and performs the basic task.","neutral","english","Hinglish handling","review","unique-387"
"388","Free sentiment tool premium access for Hindi comments, click this link now.","spam","english","Hindi comments","chat","unique-388"
"389","English comments bahut smooth hai, analysis karna easy lagta hai.","positive","hinglish","English comments","survey","unique-389"
"390","spam detection ka response kabhi kabhi inconsistent lagta hai.","negative","hinglish","results dashboard","test-case","unique-186"
"391","charts normal kaam karta hai, kuch khas issue nahi mila.","neutral","hinglish","charts","manual","unique-391"
"392","confidence scores ke liye free paisa offer, abhi click karo.","spam","hinglish","confidence scores","csv","unique-392"
"393","word cloud बहुत अच्छा काम करता है और परिणाम साफ दिखते हैं।","positive","hindi","word cloud","review","unique-393"
"394","comment filtering थोड़ा धीमा है और सुधार की जरूरत है।","negative","hindi","comment filtering","chat","unique-394"
"395","CSV export सामान्य तरीके से काम करता है।","neutral","hindi","CSV export","survey","unique-395"
"396","backend API के लिए मुफ्त इनाम पाने के लिए अभी लिंक खोलें।","spam","hindi","backend API","test-case","unique-396"
"397","I like how the loading progress is clear, fast, and easy to understand.","positive","english","loading progress","manual","unique-397"
"398","I found the mobile layout confusing during testing.","negative","english","mobile layout","csv","unique-398"
"399","I used the error messages once and it worked in an ordinary way.","neutral","english","error messages","review","unique-399"
"400","confidence scores गिफ्ट कार्ड जीतने के लिए विवरण भेजें।","spam","english","overall workflow","chat","unique-192"
"401","Mujhe manual text input ka flow kaafi clear aur useful laga.","positive","hinglish","manual text input","survey","unique-401"
"402","CSV upload slow lagta hai jab comments zyada hote hain.","negative","hinglish","CSV upload","test-case","unique-402"
"403","column selection theek hai, basic requirement complete ho jati hai.","neutral","hinglish","column selection","manual","unique-403"
"404","duplicate detection review karo aur instant cash jeeto, link open karo.","spam","hinglish","duplicate detection","csv","unique-404"
"405","sentiment model उपयोग करने में आसान है और समय बचाता है।","positive","hindi","sentiment model","review","unique-405"
"406","spam detection इस्तेमाल करते समय उलझन होती है।","negative","hindi","spam detection","chat","unique-406"
"407","Hinglish handling में जरूरी विकल्प उपलब्ध हैं।","neutral","hindi","Hinglish handling","survey","unique-407"
"408","Hindi comments पर कैश जीतें, तुरंत अपना नंबर भेजें।","spam","hindi","Hindi comments","test-case","unique-408"
"409","The English comments gives useful output and saves a lot of review time.","positive","english","English comments","manual","unique-409"
"410","mobile layout thoda confusing hai, user ko clear guidance chahiye.","negative","english","results dashboard","csv","unique-198"
"411","The charts shows the expected information without any major issue.","neutral","english","charts","review","unique-411"
"412","Limited offer for confidence scores, send your number for instant bonus.","spam","english","confidence scores","chat","unique-412"
"413","word cloud mast kaam karta hai, time bhi save hota hai.","positive","hinglish","word cloud","survey","unique-413"
"414","Mujhe comment filtering ka result reliable nahi laga.","negative","hinglish","comment filtering","test-case","unique-414"
"415","CSV export expected tarike se chal raha hai.","neutral","hinglish","CSV export","manual","unique-415"
"416","backend API bonus claim karne ke liye mobile number bhejo.","spam","hinglish","backend API","csv","unique-416"
"417","loading progress से विश्लेषण भरोसेमंद लगता है।","positive","hindi","loading progress","review","unique-417"
"418","mobile layout का परिणाम हमेशा भरोसेमंद नहीं लगता।","negative","hindi","mobile layout","chat","unique-418"
"419","error messages ने अपेक्षित काम पूरा किया।","neutral","hindi","error messages","survey","unique-419"
"420","duplicate detection के लिए मुफ्त इनाम पाने के लिए अभी लिंक खोलें।","spam","hindi","overall workflow","test-case","unique-204"
"421","Great job on the manual text input; it feels polished and practical.","positive","english","manual text input","manual","unique-421"
"422","The CSV upload needs improvement because the result is hard to trust.","negative","english","CSV upload","csv","unique-422"
"423","The column selection is functional, but nothing special stands out.","neutral","english","column selection","review","unique-423"
"424","Earn money daily using duplicate detection, register now and get paid.","spam","english","duplicate detection","chat","unique-424"
"425","sentiment model se results samajhna simple ho gaya.","positive","hinglish","sentiment model","survey","unique-425"
"426","spam detection me error message clear nahi aata.","negative","hinglish","spam detection","test-case","unique-426"
"427","Hinglish handling average hai, na bahut good na bad.","neutral","hinglish","Hinglish handling","manual","unique-427"
"428","Hindi comments se daily earning start karo, register now.","spam","hinglish","Hindi comments","csv","unique-428"
"429","English comments का इंटरफेस साफ और उपयोगी है।","positive","hindi","English comments","review","unique-429"
"430","I found the spam detection confusing during testing.","negative","hindi","results dashboard","chat","unique-206"
"431","charts ठीक है, कोई बड़ी समस्या नहीं दिखी।","neutral","hindi","charts","survey","unique-431"
"432","confidence scores से रोज कमाई करें, अभी रजिस्टर करें।","spam","hindi","confidence scores","test-case","unique-432"
"433","The word cloud is accurate enough for testing real customer feedback.","positive","english","word cloud","manual","unique-433"
"434","The comment filtering sometimes makes the workflow frustrating.","negative","english","comment filtering","csv","unique-434"
"435","The CSV export completes the workflow as expected.","neutral","english","CSV export","review","unique-435"
"436","Cheap promotion for backend API, buy followers and boost reviews fast.","spam","english","backend API","chat","unique-436"
"437","Project ka loading progress kaafi professional feel deta hai.","positive","hinglish","loading progress","survey","unique-437"
"438","mobile layout use karte waqt flow break ho jata hai.","negative","hinglish","mobile layout","test-case","unique-438"
"439","error messages ka output simple aur usable hai.","neutral","hinglish","error messages","manual","unique-439"
"440","confidence scores review karo aur instant cash jeeto, link open karo.","spam","hinglish","overall workflow","csv","unique-212"
"441","manual text input ने पूरे प्रोजेक्ट को बेहतर बना दिया है।","positive","hindi","manual text input","review","unique-441"
"442","CSV upload बड़े डेटा पर अच्छा अनुभव नहीं देता।","negative","hindi","CSV upload","chat","unique-442"
"443","column selection का अनुभव औसत रहा।","neutral","hindi","column selection","survey","unique-443"
"444","duplicate detection का गुप्त तरीका चाहिए तो तुरंत संदेश भेजें।","spam","hindi","duplicate detection","test-case","unique-444"
"445","The sentiment model helps me trust the sentiment results more.","positive","english","sentiment model","manual","unique-445"
"446","I had trouble using the spam detection on repeated test runs.","negative","english","spam detection","csv","unique-446"
"447","The Hinglish handling provides standard behavior for a sentiment tool.","neutral","english","Hinglish handling","review","unique-447"
"448","Urgent verification for Hindi comments, click now before account closes.","spam","english","Hindi comments","chat","unique-448"
"449","English comments fast hai aur user ko confuse nahi karta.","positive","hinglish","English comments","survey","unique-449"
"450","The mobile layout did not behave as expected with messy comments.","negative","hinglish","results dashboard","test-case","unique-218"
"451","charts project testing ke liye okay hai.","neutral","hinglish","charts","manual","unique-451"
"452","confidence scores free upgrade ke liye OTP share karo.","spam","hinglish","confidence scores","csv","unique-452"
"453","word cloud तेज है और सही जानकारी देता है।","positive","hindi","word cloud","review","unique-453"
"454","comment filtering की वजह से काम बीच में रुकता हुआ लगता है।","negative","hindi","comment filtering","chat","unique-454"
"455","CSV export परीक्षण के लिए उपयोगी है।","neutral","hindi","CSV export","survey","unique-455"
"456","backend API फ्री अपग्रेड पाने के लिए खाता सत्यापित करें।","spam","hindi","backend API","test-case","unique-456"
"457","I had a very good experience using the loading progress.","positive","english","loading progress","manual","unique-457"
"458","The mobile layout should show better errors when something fails.","negative","english","mobile layout","csv","unique-458"
"459","The error messages is acceptable for normal project testing.","neutral","english","error messages","review","unique-459"
"460","duplicate detection bonus claim karne ke liye mobile number bhejo.","spam","english","overall workflow","chat","unique-224"
"461","manual text input ka output mostly accurate aur helpful hai.","positive","hinglish","manual text input","survey","unique-461"
"462","CSV upload ko aur testing ki zarurat hai.","negative","hinglish","CSV upload","test-case","unique-462"
"463","column selection me basic options available hain.","neutral","hinglish","column selection","manual","unique-463"
"464","duplicate detection par guaranteed income, limited seats jaldi join karo.","spam","hinglish","duplicate detection","csv","unique-464"
"465","sentiment model की वजह से फीडबैक समझना आसान हुआ।","positive","hindi","sentiment model","review","unique-465"
"466","spam detection को और बेहतर परीक्षण चाहिए।","negative","hindi","spam detection","chat","unique-466"
"467","Hinglish handling में बुनियादी जानकारी मिल जाती है।","neutral","hindi","Hinglish handling","survey","unique-467"
"468","Hindi comments पर गारंटीड पैसा, मौका सीमित है।","spam","hindi","Hindi comments","test-case","unique-468"
"469","The English comments is simple for beginners and still useful for advanced users.","positive","english","English comments","manual","unique-469"
"470","spam detection का परिणाम हमेशा भरोसेमंद नहीं लगता।","negative","english","results dashboard","csv","unique-226"
"471","The charts has the required options and basic output.","neutral","english","charts","review","unique-471"
"472","Get free gift card for confidence scores, share OTP to confirm prize.","spam","english","confidence scores","chat","unique-472"
"473","word cloud beginner ke liye bhi easy hai.","positive","hinglish","word cloud","survey","unique-473"
"474","comment filtering ka response kabhi kabhi inconsistent lagta hai.","negative","hinglish","comment filtering","test-case","unique-474"
"475","CSV export ka experience neutral laga.","neutral","hinglish","CSV export","manual","unique-475"
"476","backend API gift voucher winner, details send karo now.","spam","hinglish","backend API","csv","unique-476"
"477","loading progress नए यूजर के लिए भी सरल है।","positive","hindi","loading progress","review","unique-477"
"478","mobile layout बाकी हिस्सों जितना मजबूत नहीं लगता।","negative","hindi","mobile layout","chat","unique-478"
"479","error messages न बहुत अच्छा है न बहुत खराब।","neutral","hindi","error messages","survey","unique-479"
"480","Earn money daily using confidence scores, register now and get paid.","spam","hindi","overall workflow","test-case","unique-232"
"481","The manual text input works smoothly and makes the analysis feel reliable.","positive","english","manual text input","manual","unique-481"
"482","The CSV upload feels slow and needs clearer feedback.","negative","english","CSV upload","csv","unique-482"
"483","The column selection is available and performs the basic task.","neutral","english","column selection","review","unique-483"
"484","Free sentiment tool premium access for duplicate detection, click this link now.","spam","english","duplicate detection","chat","unique-484"
"485","sentiment model bahut smooth hai, analysis karna easy lagta hai.","positive","hinglish","sentiment model","survey","unique-485"
"486","spam detection thoda confusing hai, user ko clear guidance chahiye.","negative","hinglish","spam detection","test-case","unique-486"
"487","Hinglish handling normal kaam karta hai, kuch khas issue nahi mila.","neutral","hinglish","Hinglish handling","manual","unique-487"
"488","Hindi comments ke liye free paisa offer, abhi click karo.","spam","hinglish","Hindi comments","csv","unique-488"
"489","English comments बहुत अच्छा काम करता है और परिणाम साफ दिखते हैं।","positive","hindi","English comments","review","unique-489"
"490","mobile layout में गलती आने पर संदेश साफ नहीं होता।","negative","hindi","results dashboard","chat","unique-238"
"491","charts सामान्य तरीके से काम करता है।","neutral","hindi","charts","survey","unique-491"
"492","confidence scores के लिए मुफ्त इनाम पाने के लिए अभी लिंक खोलें।","spam","hindi","confidence scores","test-case","unique-492"
"493","I like how the word cloud is clear, fast, and easy to understand.","positive","english","word cloud","manual","unique-493"
"494","I found the comment filtering confusing during testing.","negative","english","comment filtering","csv","unique-494"
"495","I used the CSV export once and it worked in an ordinary way.","neutral","english","CSV export","review","unique-495"
"496","Win cash by reviewing backend API, claim your reward today.","spam","english","backend API","chat","unique-496"
"497","Mujhe loading progress ka flow kaafi clear aur useful laga.","positive","hinglish","loading progress","survey","unique-497"
"498","mobile layout slow lagta hai jab comments zyada hote hain.","negative","hinglish","mobile layout","test-case","unique-498"
"499","error messages theek hai, basic requirement complete ho jati hai.","neutral","hinglish","error messages","manual","unique-499"
"500","Cheap promotion for duplicate detection, buy followers and boost reviews fast.","spam","hinglish","overall workflow","csv","unique-244"